x_low	x_high	y_low	y_high	frame_count	relative_kJ_mol
-0.58346	-0.45997625	-0.51896	-0.39227875	0	unsampled
-0.58346	-0.45997625	-0.39227875	-0.2655975	0	unsampled
-0.58346	-0.45997625	-0.2655975	-0.13891624999999996	3	1.7289438964613284
-0.58346	-0.45997625	-0.13891624999999996	-0.012234999999999996	5	0.4547717305256698
-0.58346	-0.45997625	-0.012234999999999996	0.11444624999999997	1	4.4692551382032555
-0.58346	-0.45997625	0.11444624999999997	0.24112750000000005	0	unsampled
-0.58346	-0.45997625	0.24112750000000005	0.36780875	0	unsampled
-0.58346	-0.45997625	0.36780875	0.49449	0	unsampled
-0.45997625	-0.33649249999999997	-0.51896	-0.39227875	0	unsampled
-0.45997625	-0.33649249999999997	-0.39227875	-0.2655975	1	4.4692551382032555
-0.45997625	-0.33649249999999997	-0.2655975	-0.13891624999999996	4	1.0113673452805987
-0.45997625	-0.33649249999999997	-0.13891624999999996	-0.012234999999999996	3	1.7289438964613284
-0.45997625	-0.33649249999999997	-0.012234999999999996	0.11444624999999997	0	unsampled
-0.45997625	-0.33649249999999997	0.11444624999999997	0.24112750000000005	0	unsampled
-0.45997625	-0.33649249999999997	0.24112750000000005	0.36780875	0	unsampled
-0.45997625	-0.33649249999999997	0.36780875	0.49449	0	unsampled
-0.33649249999999997	-0.21300874999999997	-0.51896	-0.39227875	0	unsampled
-0.33649249999999997	-0.21300874999999997	-0.39227875	-0.2655975	0	unsampled
-0.33649249999999997	-0.21300874999999997	-0.2655975	-0.13891624999999996	0	unsampled
-0.33649249999999997	-0.21300874999999997	-0.13891624999999996	-0.012234999999999996	5	0.4547717305256698
-0.33649249999999997	-0.21300874999999997	-0.012234999999999996	0.11444624999999997	0	unsampled
-0.33649249999999997	-0.21300874999999997	0.11444624999999997	0.24112750000000005	0	unsampled
-0.33649249999999997	-0.21300874999999997	0.24112750000000005	0.36780875	0	unsampled
-0.33649249999999997	-0.21300874999999997	0.36780875	0.49449	0	unsampled
-0.21300874999999997	-0.08952499999999997	-0.51896	-0.39227875	0	unsampled
-0.21300874999999997	-0.08952499999999997	-0.39227875	-0.2655975	0	unsampled
-0.21300874999999997	-0.08952499999999997	-0.2655975	-0.13891624999999996	2	2.740311241741927
-0.21300874999999997	-0.08952499999999997	-0.13891624999999996	-0.012234999999999996	1	4.4692551382032555
-0.21300874999999997	-0.08952499999999997	-0.012234999999999996	0.11444624999999997	6	-0.0
-0.21300874999999997	-0.08952499999999997	0.11444624999999997	0.24112750000000005	4	1.0113673452805987
-0.21300874999999997	-0.08952499999999997	0.24112750000000005	0.36780875	0	unsampled
-0.21300874999999997	-0.08952499999999997	0.36780875	0.49449	0	unsampled
-0.08952499999999997	0.03395875000000004	-0.51896	-0.39227875	0	unsampled
-0.08952499999999997	0.03395875000000004	-0.39227875	-0.2655975	0	unsampled
-0.08952499999999997	0.03395875000000004	-0.2655975	-0.13891624999999996	0	unsampled
-0.08952499999999997	0.03395875000000004	-0.13891624999999996	-0.012234999999999996	0	unsampled
-0.08952499999999997	0.03395875000000004	-0.012234999999999996	0.11444624999999997	1	4.4692551382032555
-0.08952499999999997	0.03395875000000004	0.11444624999999997	0.24112750000000005	4	1.0113673452805987
-0.08952499999999997	0.03395875000000004	0.24112750000000005	0.36780875	6	-0.0
-0.08952499999999997	0.03395875000000004	0.36780875	0.49449	4	1.0113673452805987
0.03395875000000004	0.15744250000000004	-0.51896	-0.39227875	0	unsampled
0.03395875000000004	0.15744250000000004	-0.39227875	-0.2655975	0	unsampled
0.03395875000000004	0.15744250000000004	-0.2655975	-0.13891624999999996	0	unsampled
0.03395875000000004	0.15744250000000004	-0.13891624999999996	-0.012234999999999996	2	2.740311241741927
0.03395875000000004	0.15744250000000004	-0.012234999999999996	0.11444624999999997	2	2.740311241741927
0.03395875000000004	0.15744250000000004	0.11444624999999997	0.24112750000000005	3	1.7289438964613284
0.03395875000000004	0.15744250000000004	0.24112750000000005	0.36780875	4	1.0113673452805987
0.03395875000000004	0.15744250000000004	0.36780875	0.49449	0	unsampled
0.15744250000000004	0.28092625000000004	-0.51896	-0.39227875	1	4.4692551382032555
0.15744250000000004	0.28092625000000004	-0.39227875	-0.2655975	6	-0.0
0.15744250000000004	0.28092625000000004	-0.2655975	-0.13891624999999996	2	2.740311241741927
0.15744250000000004	0.28092625000000004	-0.13891624999999996	-0.012234999999999996	5	0.4547717305256698
0.15744250000000004	0.28092625000000004	-0.012234999999999996	0.11444624999999997	5	0.4547717305256698
0.15744250000000004	0.28092625000000004	0.11444624999999997	0.24112750000000005	1	4.4692551382032555
0.15744250000000004	0.28092625000000004	0.24112750000000005	0.36780875	2	2.740311241741927
0.15744250000000004	0.28092625000000004	0.36780875	0.49449	0	unsampled
0.28092625000000004	0.40441	-0.51896	-0.39227875	2	2.740311241741927
0.28092625000000004	0.40441	-0.39227875	-0.2655975	3	1.7289438964613284
0.28092625000000004	0.40441	-0.2655975	-0.13891624999999996	4	1.0113673452805987
0.28092625000000004	0.40441	-0.13891624999999996	-0.012234999999999996	2	2.740311241741927
0.28092625000000004	0.40441	-0.012234999999999996	0.11444624999999997	3	1.7289438964613284
0.28092625000000004	0.40441	0.11444624999999997	0.24112750000000005	2	2.740311241741927
0.28092625000000004	0.40441	0.24112750000000005	0.36780875	2	2.740311241741927
0.28092625000000004	0.40441	0.36780875	0.49449	0	unsampled
