file	source	source_type	method	verification	sha256
code/README.md	AI_MD original teaching authoring	teaching_template	original student instructions;only publicly supplied files and commands	source,field and download-relative-path review	41aa8577116469c7766116f6d062ceb426b1902127ddc8454f1277e77c0c9ab3
code/check-actual-pose.py	AI_MD original teaching authoring	independent_script	independently authored	actual JSON parse and structure comparison executed successfully; view PML provided for optional inspection	90d3b3ebc8817ddbf0ebc8eb7f464b6e7080677201b41c597320778d10140046
code/inspect-affinity.py	AI_MD original teaching authoring	independent_script	independently authored	executed on3 explicitly constructed rows and1 actual raw-output row; source SHA sidecar saved	ad44206d3e536ab33ef52e66e52c06ed934723e4807819891056716de35ec40d
code/view-actual-pose.pml	AI_MD original teaching authoring	independent_script	independently authored	commands and public input paths reviewed;optional PyMOL view not executed;separate automated geometry check passed	cb4e9ebada285250e99a6b30a3e12084efc0567e74115dea5bf43f8a1b3b0193
practice/3htb-jz4-noncovalent.yaml	https://files.rcsb.org/download/3HTB.pdb ; https://data.rcsb.org/rest/v1/core/chemcomp/JZ4	teaching_template	extract chain A SEQRES 164aa; use neutral CCD JZ4 SMILES; original noncovalent YAML	164aa chainA and CCD neutral JZ4 checked;crystal ATOM covers1-163;preparation YAML not run;actual inference used separate msa-empty input	d08c72c766260f7792b55c2789f9cf33832eed04f392f2d52116105a35e158ea
practice/README.md	AI_MD original teaching authoring	teaching_template	original student instructions;only publicly supplied files and commands	source,field and download-relative-path review	60fd2bb78b761a96415eed530e327195ab011a29ccedabeb3a29a023896265ba
practice/constructed-fields.tsv	AI_MD original teaching authoring	teaching_constructed	inspect-affinity.py parses constructed JSON	3 rows; y converts to10**y and6-y; data_status preserved; script exited0	82bd114ed0ce7fac73cc41d1b95bf9022e5a06d2debdea7de879469b9eddd959
practice/constructed-output.json	AI_MD original teaching authoring	teaching_constructed	handwritten deliberate field exercise, not model result	declares constructed_field_exercise; not 3HTB/JZ4 predictions	ec83e36a089671ca353ce820e36b5deb204ae7484f9325ddf68d36aff132bde5
results/3htb-jz4-single/3htb_jz4_single_model_0.cif	https://files.rcsb.org/download/3HTB.pdb ; https://data.rcsb.org/rest/v1/core/chemcomp/JZ4 ; Boltz2.2.1 independent actual run	independent_run	independent real Boltz2.2.1 output; single-sequence; seed20261002; GPU3070;100steps/1sample	structure and affinity ran successfully; original JSON retained; run-record includes weights hashes	5b4f5ab6605d0998a9ec602d51e9fb8b269ee4be688a55d88617cbf6a38cc65d
results/3htb-jz4-single/README.md	https://files.rcsb.org/download/3HTB.pdb ; https://data.rcsb.org/rest/v1/core/chemcomp/JZ4 ; Boltz2.2.1 independent actual run	teaching_template	original student instructions;only publicly supplied files and commands	source,field and download-relative-path review	7eb962334719e64578973833bbd6e849eac97a132e502a2cec2bf90ed156501c
results/3htb-jz4-single/actual-input.yaml	https://files.rcsb.org/download/3HTB.pdb ; https://data.rcsb.org/rest/v1/core/chemcomp/JZ4 ; Boltz2.2.1 independent actual run	independent_run	independent real Boltz2.2.1 output; single-sequence; seed20261002; GPU3070;100steps/1sample	structure and affinity ran successfully; original JSON retained; run-record includes weights hashes	197eb97522090341f43bb01ecc538a60c29bbacfaf5306312d2b84c746bf687d
results/3htb-jz4-single/affinity_3htb_jz4_single.json	https://files.rcsb.org/download/3HTB.pdb ; https://data.rcsb.org/rest/v1/core/chemcomp/JZ4 ; Boltz2.2.1 independent actual run	independent_run	independent real Boltz2.2.1 output; single-sequence; seed20261002; GPU3070;100steps/1sample	structure and affinity ran successfully; original JSON retained; run-record includes weights hashes	a539000f5f70a532a708cf8858f3baf97c53266435118fab343f2568a7e45b0b
results/3htb-jz4-single/confidence_3htb_jz4_single_model_0.json	https://files.rcsb.org/download/3HTB.pdb ; https://data.rcsb.org/rest/v1/core/chemcomp/JZ4 ; Boltz2.2.1 independent actual run	independent_run	independent real Boltz2.2.1 output; single-sequence; seed20261002; GPU3070;100steps/1sample	structure and affinity ran successfully; original JSON retained; run-record includes weights hashes	de2770fe14ba901c620ae16c2fa96220e174952613726716c4baa39efab95582
results/3htb-jz4-single/parsed-fields.record.json	https://files.rcsb.org/download/3HTB.pdb ; https://data.rcsb.org/rest/v1/core/chemcomp/JZ4 ; Boltz2.2.1 independent actual run	independent_run	inspect-affinity.py aggregates original real confidence and affinity JSON	script exited0; actual_model_output; model y=2.3007884;probability=.2048681	f950a34aa8fb41c2c8ca57aee30f9a5c3161f39715b4b02038e2731ad6438cea
results/3htb-jz4-single/parsed-fields.tsv	https://files.rcsb.org/download/3HTB.pdb ; https://data.rcsb.org/rest/v1/core/chemcomp/JZ4 ; Boltz2.2.1 independent actual run	independent_run	inspect-affinity.py aggregates original real confidence and affinity JSON	script exited0; actual_model_output; model y=2.3007884;probability=.2048681	4a646b46c90ff59487f75ec84210ca3406655012e19ca2a999bccfe9e4247e3b
results/3htb-jz4-single/run-record.json	https://files.rcsb.org/download/3HTB.pdb ; https://data.rcsb.org/rest/v1/core/chemcomp/JZ4 ; Boltz2.2.1 independent actual run	independent_run	independent real Boltz2.2.1 output; single-sequence; seed20261002; GPU3070;100steps/1sample	structure and affinity ran successfully; original JSON retained; run-record includes weights hashes	447f94c4fa72721d1eb4d530645324a12cd46af4fd2d16b233c30665fecb8a40
results/3htb-jz4-single/structure-check.json	https://files.rcsb.org/download/3HTB.pdb ; https://data.rcsb.org/rest/v1/core/chemcomp/JZ4 ; Boltz2.2.1 independent actual run	independent_run	check-actual-pose.py Kabsch fit of163 matching CA atoms and ligand centroid check	script exited0; CA_RMSD=.5822778A; centroid_shift=.6190465A; not ligand atom-mapped RMSD	5628dc03152e3613f4c5e3ae27a05e9b5ccf26c9de5588b891112ed2c396ed0d
