file_path	source_type	source_url	license	transformation	validation	sha256
chapter-10/assets/code/analyze_refold.py	independent_script		Original independent calculation output or teaching script	Independently authored same-candidate identity, geometry or overlay script	Executed against actual same-candidate outputs; no model score or structure invented	8d512c9f86b66f0587e1f4cffb35cf2d1aafb75fe543f2c958e77c6f05b8fd16
chapter-10/assets/code/prepare_refold.py	independent_script		Original teaching material	Authored for this course; no recordings, slides or course PDFs included	Reviewed against chapter task and executed where applicable	36b39570ac49bdaeab7412149e4df60595e1d64abe734f577c88b36bd627c3f8
chapter-10/assets/code/run_proteinmpnn_cpu.py	independent_script		Original teaching material	Authored for this course; no recordings, slides or course PDFs included	Reviewed against chapter task and executed where applicable	f1857ed9d82eee6b21b9d8c2167267e5aa92b38f8e522d0ac42a44f741c67ae9
chapter-10/assets/code/show_refold_overlay.pml	independent_script		Original independent calculation output or teaching script	Independently authored same-candidate identity, geometry or overlay script	Executed against actual same-candidate outputs; no model score or structure invented	b0a431b25296232acae1eb2ead81f37504d4c236d2b46b743ee8f883a66da78a
chapter-10/assets/data/LICENSE-foundry.txt	official_example	https://raw.githubusercontent.com/RosettaCommons/foundry/0932f1cb165ae7d413c11b1a7acc04ee31758817/LICENSE.md	BSD-3-Clause (Foundry)	License text copied without alteration	Downloaded from pinned official commit; chain identities and counts checked	34ab4f089ed0332b059b3783839e997d44adbe0cdbab9b0ebd142feff75d64eb
chapter-10/assets/data/LICENSE-proteinmpnn.txt	official_example	https://raw.githubusercontent.com/dauparas/ProteinMPNN/8907e6671bfbfc92303b5f79c4b5e6ce47cdef57/LICENSE	MIT (ProteinMPNN)	License text copied without alteration	Downloaded from pinned official commit; chain identities and counts checked	82009d25ce585631f452b2b24589bdb29c559ccfefa2f200ef312ed5b501a586
chapter-10/assets/data/pdl1.json	official_example	https://raw.githubusercontent.com/RosettaCommons/foundry/0932f1cb165ae7d413c11b1a7acc04ee31758817/models/rfd3/docs/tutorials/binder_design_tutorial_files/PDL1/pdl1.json	BSD-3-Clause (Foundry)	Official input copied without alteration	Downloaded from pinned official commit; chain identities and counts checked	00d213a4aa57b7b2a8a59395b5eb8aafa7b3a869635f72a51b4ecec443d5403d
chapter-10/assets/data/pdl1_backbone_chains.fasta	official_example	https://raw.githubusercontent.com/RosettaCommons/foundry/0932f1cb165ae7d413c11b1a7acc04ee31758817/models/rfd3/docs/tutorials/binder_design_tutorial_files/PDL1/example_outputs/pdl1_test_0_model_0.cif.gz	BSD-3-Clause (Foundry)	Standard-residue sequences extracted from official output with Gemmi; target B114 and initial A77	Downloaded from pinned official commit; chain identities and counts checked	8e0c0c021d05169f2953fddb5a7f9279df9d3000129839a0b1a2806ceabd0ee1
chapter-10/assets/data/pdl1_cropped.pdb	official_example	https://raw.githubusercontent.com/RosettaCommons/foundry/0932f1cb165ae7d413c11b1a7acc04ee31758817/models/rfd3/docs/tutorials/binder_design_tutorial_files/PDL1/pdl1_cropped.pdb	BSD-3-Clause (Foundry)	Official input copied without alteration	Downloaded from pinned official commit; chain identities and counts checked	1c1d2cbe649a8514e9c2052279a3ec5bd591d02dc93cd4a84aeb0a7863b5f2bd
chapter-10/assets/data/pdl1_mpnn_seed37.fa	independent_run	https://raw.githubusercontent.com/dauparas/ProteinMPNN/8907e6671bfbfc92303b5f79c4b5e6ce47cdef57/protein_mpnn_run.py	Derived output from licensed official example; BSD-3-Clause source and MIT tool	Actual CPU ProteinMPNN v_48_020; chain A designed, B fixed; seed37 temp0.1 count2; portable run record	Exit0; two77-aa samples; scores1.0529/0.9849; refold not_run	31c9d0e6562f4d1b6c4258aab3d23ac2b37f199032facaf3e4876e287a3a9276
chapter-10/assets/data/pdl1_target.fasta	official_example	https://raw.githubusercontent.com/RosettaCommons/foundry/0932f1cb165ae7d413c11b1a7acc04ee31758817/models/rfd3/docs/tutorials/binder_design_tutorial_files/PDL1/example_outputs/pdl1_test_0_model_0.cif.gz	BSD-3-Clause (Foundry)	Standard-residue sequences extracted from official output with Gemmi; target B114 and initial A77	Downloaded from pinned official commit; chain identities and counts checked	5e775259eea745b1bfc81307dbe9de49b22bdb23c56dcbde6ce9057c54a88708
chapter-10/assets/data/pdl1_test_0_model_0.cif	official_example	https://raw.githubusercontent.com/RosettaCommons/foundry/0932f1cb165ae7d413c11b1a7acc04ee31758817/models/rfd3/docs/tutorials/binder_design_tutorial_files/PDL1/example_outputs/pdl1_test_0_model_0.cif.gz	BSD-3-Clause (Foundry)	gzip decompressed; original final model CIF retained	Downloaded from pinned official commit; chain identities and counts checked	286321ae007cb4669d47cc740a71282b9f4991c43fff16f45836a82af1f273bd
chapter-10/assets/data/pdl1_test_0_model_0.json	official_example	https://raw.githubusercontent.com/RosettaCommons/foundry/0932f1cb165ae7d413c11b1a7acc04ee31758817/models/rfd3/docs/tutorials/binder_design_tutorial_files/PDL1/example_outputs/pdl1_test_0_model_0.json	BSD-3-Clause (Foundry)	Metrics unchanged; upstream machine-local input/checkpoint paths replaced by filenames; added provenance	Downloaded from pinned official commit; chain identities and counts checked	28ff61433ef2d88cf5710aff27848a72edab43001a593c00e809d5198df92c3c
chapter-10/assets/data/pdl1_test_0_model_0.pdb	official_example	https://raw.githubusercontent.com/RosettaCommons/foundry/0932f1cb165ae7d413c11b1a7acc04ee31758817/models/rfd3/docs/tutorials/binder_design_tutorial_files/PDL1/example_outputs/pdl1_test_0_model_0.cif.gz	BSD-3-Clause (Foundry)	Gemmi PDB export from official CIF; A77 and B114 retained	Downloaded from pinned official commit; chain identities and counts checked	4a6d772bf58f9b0d67038db6a1122292862fe2d242bb1cb1aca03f265288855e
chapter-10/assets/data/proteinmpnn_cpu_run.json	independent_run	https://raw.githubusercontent.com/dauparas/ProteinMPNN/8907e6671bfbfc92303b5f79c4b5e6ce47cdef57/protein_mpnn_run.py	Derived output from licensed official example; BSD-3-Clause source and MIT tool	Actual CPU ProteinMPNN v_48_020; chain A designed, B fixed; seed37 temp0.1 count2; portable run record	Exit0; two77-aa samples; scores1.0529/0.9849; refold not_run	bb4a6813a519ac6840f98ef3a2feb99447f6d98dcbf6d8e8faf4f2a3b2201fa9
chapter-10/assets/data/proteinmpnn_stdout.txt	independent_run	https://raw.githubusercontent.com/dauparas/ProteinMPNN/8907e6671bfbfc92303b5f79c4b5e6ce47cdef57/protein_mpnn_run.py	Derived output from licensed official example; BSD-3-Clause source and MIT tool	Actual CPU ProteinMPNN v_48_020; chain A designed, B fixed; seed37 temp0.1 count2; portable run record	Exit0; two77-aa samples; scores1.0529/0.9849; refold not_run	1c72d8ee01f7d87db8ce7498f3829b03015b838d61050a7d97537cdc0508b3c1
chapter-10/assets/figures/pdl1_refold_1.png	independent_run		Original independent calculation output or teaching script	No course recordings, slides or course PDF extracts; same-candidate outputs copied unchanged, analysis and figures independently calculated	Two actual Boltz 2.2.1 samples completed with zero failed examples; A77/B114 identity checked; A-fit and B-fit backbone RMSDs calculated	34833060bd71d63b2d0f2495e847339d0310d7f6ec5898aa566cb635d40fdc84
chapter-10/assets/figures/pdl1_refold_2.png	independent_run		Original independent calculation output or teaching script	No course recordings, slides or course PDF extracts; same-candidate outputs copied unchanged, analysis and figures independently calculated	Two actual Boltz 2.2.1 samples completed with zero failed examples; A77/B114 identity checked; A-fit and B-fit backbone RMSDs calculated	57e6aadd0a32479a113c08e5ad5a8d5936cd903a0a7bd48927535b5d813bf608
chapter-10/assets/refold/candidate_queue.tsv	independent_run	https://github.com/jwohlwend/boltz/blob/main/docs/prediction.md	Original teaching input derived from licensed public structures and actual CPU sequences	CPU sequence and actual same-candidate Boltz analysis joined by candidate_id	All result values cross-checked with original confidence and independently calculated geometry; both completed	a91d1708b6e593ffdc107a5708db3d64e6f4299c371f81052107d58f36ffd87e
chapter-10/assets/refold/pdl1_mpnn_1.yaml	independent_run	https://github.com/jwohlwend/boltz/blob/main/docs/prediction.md	Original teaching input derived from licensed public structures and actual CPU sequences	Actual run input for CPU ProteinMPNN candidate; both A and B explicitly msa:empty	Byte-identical to executed Boltz input and same-candidate FASTA; input SHA256 recorded	a7f207deed2e8c2b0abe841fb04db633b816a09cc3feee6c9db8c3ad60d20bcd
chapter-10/assets/refold/pdl1_mpnn_2.yaml	independent_run	https://github.com/jwohlwend/boltz/blob/main/docs/prediction.md	Original teaching input derived from licensed public structures and actual CPU sequences	Actual run input for CPU ProteinMPNN candidate; both A and B explicitly msa:empty	Byte-identical to executed Boltz input and same-candidate FASTA; input SHA256 recorded	8c5dbbb50673f90170d5a824fc4107cf000d10747b2b0ef19774d7d864dda5a6
chapter-10/assets/results/boltz-refold/analysis/analysis_record.json	independent_run	https://github.com/jwohlwend/boltz	Original independent calculation output or teaching script	No course recordings, slides or course PDF extracts; same-candidate outputs copied unchanged, analysis and figures independently calculated	Two actual Boltz 2.2.1 samples completed with zero failed examples; A77/B114 identity checked; A-fit and B-fit backbone RMSDs calculated	7e5d302e2ec3cf7a97bd72edf1b309ab7d8d3d65c10ff6a381bc47a5455a4e81
chapter-10/assets/results/boltz-refold/analysis/pdl1_mpnn_1_target_aligned.pdb	independent_run	https://github.com/jwohlwend/boltz	Original independent calculation output or teaching script	No course recordings, slides or course PDF extracts; same-candidate outputs copied unchanged, analysis and figures independently calculated	Two actual Boltz 2.2.1 samples completed with zero failed examples; A77/B114 identity checked; A-fit and B-fit backbone RMSDs calculated	5b721bea686c59d251e750ffccf6626d887dcdbf13e4593e4bf7314e4fc1695f
chapter-10/assets/results/boltz-refold/analysis/pdl1_mpnn_2_target_aligned.pdb	independent_run	https://github.com/jwohlwend/boltz	Original independent calculation output or teaching script	No course recordings, slides or course PDF extracts; same-candidate outputs copied unchanged, analysis and figures independently calculated	Two actual Boltz 2.2.1 samples completed with zero failed examples; A77/B114 identity checked; A-fit and B-fit backbone RMSDs calculated	b6bf838a3661c4fe937678461447a16dca433d144dbcaf79a4c2cf966e9d9ee0
chapter-10/assets/results/boltz-refold/analysis/refold_summary.tsv	independent_run	https://github.com/jwohlwend/boltz	Original independent calculation output or teaching script	No course recordings, slides or course PDF extracts; same-candidate outputs copied unchanged, analysis and figures independently calculated	Two actual Boltz 2.2.1 samples completed with zero failed examples; A77/B114 identity checked; A-fit and B-fit backbone RMSDs calculated	3455a5bc32325c1847d50dab0278e83bdeb9d26bb847ab0bb40052b4cf746754
chapter-10/assets/results/boltz-refold/predictions/pdl1_mpnn_1/confidence_pdl1_mpnn_1_model_0.json	independent_run	https://github.com/jwohlwend/boltz	Original independent calculation output or teaching script	No course recordings, slides or course PDF extracts; same-candidate outputs copied unchanged, analysis and figures independently calculated	Two actual Boltz 2.2.1 samples completed with zero failed examples; A77/B114 identity checked; A-fit and B-fit backbone RMSDs calculated	2091c8d21190b0d15afaee2de60ed51abbda49adb8736f0e1f11515eec955adc
chapter-10/assets/results/boltz-refold/predictions/pdl1_mpnn_1/pae_pdl1_mpnn_1_model_0.npz	independent_run	https://github.com/jwohlwend/boltz	Original independent calculation output or teaching script	No course recordings, slides or course PDF extracts; same-candidate outputs copied unchanged, analysis and figures independently calculated	Two actual Boltz 2.2.1 samples completed with zero failed examples; A77/B114 identity checked; A-fit and B-fit backbone RMSDs calculated	7b918c3ef3c433924b1db7eff1fecc988847880bfbc058a5a1ac5eaef75821af
chapter-10/assets/results/boltz-refold/predictions/pdl1_mpnn_1/pdl1_mpnn_1_model_0.cif	independent_run	https://github.com/jwohlwend/boltz	Original independent calculation output or teaching script	No course recordings, slides or course PDF extracts; same-candidate outputs copied unchanged, analysis and figures independently calculated	Two actual Boltz 2.2.1 samples completed with zero failed examples; A77/B114 identity checked; A-fit and B-fit backbone RMSDs calculated	7c9500c8486fb95e3e63b20970e29c3606311bc400b36a8fe753c9e1332a73e8
chapter-10/assets/results/boltz-refold/predictions/pdl1_mpnn_1/plddt_pdl1_mpnn_1_model_0.npz	independent_run	https://github.com/jwohlwend/boltz	Original independent calculation output or teaching script	No course recordings, slides or course PDF extracts; same-candidate outputs copied unchanged, analysis and figures independently calculated	Two actual Boltz 2.2.1 samples completed with zero failed examples; A77/B114 identity checked; A-fit and B-fit backbone RMSDs calculated	102b90bf69b99d95c7ab7c4f5baf30bb6b0a5a609881def0b93888947f53ad2a
chapter-10/assets/results/boltz-refold/predictions/pdl1_mpnn_2/confidence_pdl1_mpnn_2_model_0.json	independent_run	https://github.com/jwohlwend/boltz	Original independent calculation output or teaching script	No course recordings, slides or course PDF extracts; same-candidate outputs copied unchanged, analysis and figures independently calculated	Two actual Boltz 2.2.1 samples completed with zero failed examples; A77/B114 identity checked; A-fit and B-fit backbone RMSDs calculated	eb1aa91e03445c072533cc58b6a3aee5b4062d11778826aaf5a0a1428c1f4540
chapter-10/assets/results/boltz-refold/predictions/pdl1_mpnn_2/pae_pdl1_mpnn_2_model_0.npz	independent_run	https://github.com/jwohlwend/boltz	Original independent calculation output or teaching script	No course recordings, slides or course PDF extracts; same-candidate outputs copied unchanged, analysis and figures independently calculated	Two actual Boltz 2.2.1 samples completed with zero failed examples; A77/B114 identity checked; A-fit and B-fit backbone RMSDs calculated	e764be4261d56636d1ad648835722315841b5bda1ab214bc703204b913ea3b80
chapter-10/assets/results/boltz-refold/predictions/pdl1_mpnn_2/pdl1_mpnn_2_model_0.cif	independent_run	https://github.com/jwohlwend/boltz	Original independent calculation output or teaching script	No course recordings, slides or course PDF extracts; same-candidate outputs copied unchanged, analysis and figures independently calculated	Two actual Boltz 2.2.1 samples completed with zero failed examples; A77/B114 identity checked; A-fit and B-fit backbone RMSDs calculated	3bceaf1e6acd3502d898527531d15a0066c4f0182695abb80a654a33947353f9
chapter-10/assets/results/boltz-refold/predictions/pdl1_mpnn_2/plddt_pdl1_mpnn_2_model_0.npz	independent_run	https://github.com/jwohlwend/boltz	Original independent calculation output or teaching script	No course recordings, slides or course PDF extracts; same-candidate outputs copied unchanged, analysis and figures independently calculated	Two actual Boltz 2.2.1 samples completed with zero failed examples; A77/B114 identity checked; A-fit and B-fit backbone RMSDs calculated	b690f5cfb1eb3ccd2f6c47f5af5a9edeb341a9ef68ef7c950f8672ab403bc2c7
chapter-10/assets/results/boltz-refold/run.txt	independent_run	https://github.com/jwohlwend/boltz	Original independent calculation output or teaching script	Original actual Boltz run log; only three machine-local absolute environment path prefixes normalized to ENV/site-packages/; warnings, numerical values and completion records retained	Compared with original local run log: only the three path prefixes differ; both predictions completed, zero failed examples	4db161904d630583b330963c610e5f8804b6ef8399212307cb26f559a72828ef
chapter-10/assets/results/boltz-refold/run_record.json	independent_run	https://github.com/jwohlwend/boltz	Original independent calculation output or teaching script	No course recordings, slides or course PDF extracts; same-candidate outputs copied unchanged, analysis and figures independently calculated	Two actual Boltz 2.2.1 samples completed with zero failed examples; A77/B114 identity checked; A-fit and B-fit backbone RMSDs calculated	109b80f0d2a17a13fd55c506a57519fc0050900d7d585d1f023a268581a15bf0
chapter-10/assets/figures/binder-alignment-concepts.png	original_diagram		Original AI_MD teaching concept illustration	Independently generated with imagegen and geometry corrected; no course screenshot or structure data reused	Chinese labels reviewed; both fits apply one rigid transform to whole complex; lower dashed segments compare corresponding A points; schematic, no measured results	00ab74a26411145f7291a7131b02cd805f475681b4c7ef646c23879c92292b53
